,MVRR,vol,Sharpe
0,0.07590364020130741,0.1279584905112375,0.5931895562228553
